﻿{"cameraMode":{"drawMode":0,"name":"Shaded","section":"Shading Mode"},"sceneLighting":false,"audioPlay":false,"sceneViewState":{"showFog":true,"showMaterialUpdate":false,"showSkybox":true,"showFlares":true,"showImageEffects":true,"showParticleSystems":true},"in2DMode":false,"pivot":{"x":6.582318305969238,"y":1.7240269184112549,"z":-4.467212200164795},"rotation":{"x":0.04861238971352577,"y":0.6950236558914185,"z":-0.04720168933272362,"w":0.7157869338989258},"size":2.8578836917877199,"orthographic":false}